{
  "settings": {
    "tickLength": 0.1,
    "tau": 100.0
  },
  "participants": [
    {
      "start": {
        "x": 0.2805378932955306,
        "y": 0.03564039430054944
      },
      "target": {
        "x": 0.6636910060776978,
        "y": 0.8318415801580784
      },
      "vmax": 0.0005,
      "radius": 0.005,
      "script": "../../scripts/rust-orca/target/release/rust-orca"
    },
    {
      "start": {
        "x": 0.7403620740481397,
        "y": 0.3423870294872058
      },
      "target": {
        "x": 0.8332094191760896,
        "y": 0.6235042566907131
      },
      "vmax": 0.0005,
      "radius": 0.005,
      "script": "../../scripts/rust-orca/target/release/rust-orca"
    },
    {
      "start": {
        "x": 0.9183644628237481,
        "y": 0.6135825637630126
      },
      "target": {
        "x": 0.2492703534887416,
        "y": 0.8839419320129522
      },
      "vmax": 0.0005,
      "radius": 0.005,
      "script": "../../scripts/rust-orca/target/release/rust-orca"
    },
    {
      "start": {
        "x": 0.7197901168555845,
        "y": 0.1671413539679486
      },
      "target": {
        "x": 0.8420154907737113,
        "y": 0.41471642322235347
      },
      "vmax": 0.0005,
      "radius": 0.005,
      "script": "../../scripts/rust-orca/target/release/rust-orca"
    }
  ]
}
