{
  "settings": {
    "tickLength": 0.1,
    "tau": 100.0
  },
  "participants": [
    {
      "start": {
        "x": 0.1983531048983691,
        "y": 0.5196564503990062
      },
      "target": {
        "x": 0.7384014712183645,
        "y": 0.8803065233937376
      },
      "vmax": 0.0005,
      "radius": 0.005,
      "script": "../scripts/rust-orca/target/release/rust-orca"
    },
    {
      "start": {
        "x": 0.31724568504790385,
        "y": 0.46528286126277396
      },
      "target": {
        "x": 0.8824063186225383,
        "y": 0.16676455965930226
      },
      "vmax": 0.0005,
      "radius": 0.005,
      "script": "../scripts/rust-orca/target/release/rust-orca"
    }
  ]
}