{
  "settings": {
    "tickLength": 0.1,
    "tau": 100.0
  },
  "participants": [
    {
      "start": {
        "x": 0.9875194278820602,
        "y": 0.9273700834904457
      },
      "target": {
        "x": 0.680714103862085,
        "y": 0.8465567190388318
      },
      "vmax": 0.0005,
      "radius": 0.005,
      "script": "../../scripts/rust-orca/target/release/rust-orca"
    },
    {
      "start": {
        "x": 0.11698008071494181,
        "y": 0.29216865156348715
      },
      "target": {
        "x": 0.4938996902896089,
        "y": 0.8863504835354408
      },
      "vmax": 0.0005,
      "radius": 0.005,
      "script": "../../scripts/rust-orca/target/release/rust-orca"
    }
  ]
}