{
  "settings": {
    "tickLength": 0.1,
    "tau": 100.0
  },
  "participants": [
    {
      "start": {
        "x": 0.783799894895045,
        "y": 0.7478306966895832
      },
      "target": {
        "x": 0.9381181962916457,
        "y": 0.6368532054536595
      },
      "vmax": 0.0005,
      "radius": 0.005,
      "script": "../../scripts/rust-orca/target/release/rust-orca"
    },
    {
      "start": {
        "x": 0.2341074520706944,
        "y": 0.3865805117897958
      },
      "target": {
        "x": 0.4697327223551936,
        "y": 0.28996994576320645
      },
      "vmax": 0.0005,
      "radius": 0.005,
      "script": "../../scripts/rust-orca/target/release/rust-orca"
    }
  ]
}